Filename,Group,Group_rank,Rating
000490.jpg,3,0,0
000998.jpg,4,0,0
001145.jpg,3,0,0
001173.jpg,4,0,0
001526.jpg,0,0,0
001618.jpg,0,0,0
001672.jpg,0,0,0
001722.jpg,0,0,0
002279.jpg,0,0,0
002291.jpg,0,0,0
002733.jpg,0,0,0
003188.jpg,0,0,0
003192.jpg,0,0,0
003343.jpg,0,0,0
003429.jpg,0,0,0
003485.jpg,0,0,0
003573.jpg,0,0,0
003882.jpg,0,0,0
003977.jpg,0,0,0
004053.jpg,0,0,0
004085.jpg,0,0,0
004185.jpg,0,0,0
004294.jpg,0,0,0
004449.jpg,0,0,0
004568.jpg,0,0,0
004803.jpg,0,0,0
004883.jpg,0,0,0
005272.jpg,0,0,0
005608.jpg,0,0,0
005692.jpg,0,0,0
005698.jpg,0,0,0
006226.jpg,0,0,0
006265.jpg,0,0,0
006851.jpg,0,0,0
006900.jpg,0,0,0
007087.jpg,0,0,0
007123.jpg,0,0,0
007198.jpg,0,0,0
007474.jpg,0,0,0
007499.jpg,0,0,0
007681.jpg,0,0,0
007777.jpg,0,0,0
008985.jpg,0,0,0
009062.jpg,0,0,0
009653.jpg,0,0,0
009888.jpg,0,0,0
010188.jpg,0,0,0
010203.jpg,0,0,0
010232.jpg,0,0,0
010292.jpg,0,0,0
010420.jpg,0,0,0
010647.jpg,0,0,0
010938.jpg,0,0,0
010939.jpg,0,0,0
011263.jpg,0,0,0
011468.jpg,0,0,0
011781.jpg,0,0,0
011876.jpg,0,0,0
011981.jpg,0,0,0
012245.jpg,0,0,0
012347.jpg,0,0,0
012387.jpg,0,0,0
012461.jpg,0,0,0
012593.jpg,0,0,0
013129.jpg,0,0,0
013175.jpg,0,0,0
013473.jpg,0,0,0
013766.jpg,0,0,0
014086.jpg,0,0,0
014104.jpg,0,0,0
014798.jpg,0,0,0
015118.jpg,0,0,0
015261.jpg,0,0,0
015486.jpg,0,0,0
015633.jpg,0,0,0
015844.jpg,0,0,0
015962.jpg,0,0,0
016192.jpg,0,0,0
016310.jpg,0,0,0
016444.jpg,0,0,0
016667.jpg,0,0,0
016673.jpg,0,0,0
017222.jpg,0,0,0
017296.jpg,0,0,0
017867.jpg,0,0,0
017899.jpg,0,0,0
018065.jpg,0,0,0
018337.jpg,0,0,0
018918.jpg,0,0,0
019191.jpg,0,0,0
019280.jpg,0,0,0
019326.jpg,0,0,0
019575.jpg,0,0,0
019602.jpg,0,0,0
020090.jpg,0,0,0
021096.jpg,0,0,0
021180.jpg,0,0,0
021328.jpg,0,0,0
021454.jpg,0,0,0
021603.jpg,0,0,0
021640.jpg,0,0,0
021784.jpg,0,0,0
021818.jpg,0,0,0
021902.jpg,0,0,0
022867.jpg,0,0,0
022902.jpg,0,0,0
023142.jpg,0,0,0
023190.jpg,0,0,0
023201.jpg,0,0,0
023246.jpg,0,0,0
023492.jpg,0,0,0
023892.jpg,0,0,0
023946.jpg,0,0,0
023969.jpg,0,0,0
024009.jpg,0,0,0
024110.jpg,0,0,0
025014.jpg,0,0,0
025047.jpg,0,0,0
025177.jpg,0,0,0
025444.jpg,0,0,0
025798.jpg,0,0,0
025967.jpg,0,0,0
025975.jpg,0,0,0
026010.jpg,0,0,0
026525.jpg,0,0,0
026927.jpg,0,0,0
027052.jpg,0,0,0
027650.jpg,0,0,0
027690.jpg,0,0,0
027726.jpg,0,0,0
027933.jpg,0,0,0
028190.jpg,0,0,0
028214.jpg,0,0,0
028222.jpg,0,0,0
028283.jpg,0,0,0
028335.jpg,0,0,0
028362.jpg,0,0,0
028420.jpg,0,0,0
028653.jpg,0,0,0
028710.jpg,0,0,0
029012.jpg,0,0,0
029568.jpg,0,0,0
029985.jpg,0,0,0
029999.jpg,0,0,0
030097.jpg,0,0,0
030363.jpg,0,0,0
030552.jpg,0,0,0
031027.jpg,0,0,0
031246.jpg,0,0,0
031264.jpg,0,0,0
031422.jpg,0,0,0
031458.jpg,0,0,0
031957.jpg,0,0,0
032062.jpg,0,0,0
032143.jpg,0,0,0
032183.jpg,0,0,0
032302.jpg,0,0,0
032641.jpg,0,0,0
032757.jpg,0,0,0
032927.jpg,0,0,0
033080.jpg,0,0,0
033416.jpg,0,0,0
033467.jpg,0,0,0
033843.jpg,0,0,0
033965.jpg,0,0,0
034158.jpg,0,0,0
034178.jpg,0,0,0
034389.jpg,0,0,0
034478.jpg,0,0,0
034772.jpg,0,0,0
034985.jpg,0,0,0
035271.jpg,0,0,0
035579.jpg,0,0,0
036168.jpg,0,0,0
036187.jpg,0,0,0
036211.jpg,0,0,0
036439.jpg,0,0,0
036495.jpg,0,0,0
036679.jpg,0,0,0
036930.jpg,0,0,0
036939.jpg,0,0,0
036948.jpg,0,0,0
036990.jpg,0,0,0
037072.jpg,0,0,0
037102.jpg,0,0,0
037148.jpg,0,0,0
037355.jpg,0,0,0
037494.jpg,0,0,0
037797.jpg,0,0,0
038383.jpg,0,0,0
038638.jpg,0,0,0
039030.jpg,0,0,0
039226.jpg,0,0,0
039252.jpg,0,0,0
039416.jpg,0,0,0
039429.jpg,0,0,0
039529.jpg,0,0,0
039645.jpg,0,0,0
039667.jpg,0,0,0
039728.jpg,0,0,0
040085.jpg,0,0,0
040288.jpg,0,0,0
041053.jpg,0,0,0
041082.jpg,0,0,0
041249.jpg,0,0,0
041320.jpg,0,0,0
041322.jpg,0,0,0
041336.jpg,0,0,0
041353.jpg,0,0,0
041717.jpg,0,0,0
042322.jpg,0,0,0
042369.jpg,0,0,0
042424.jpg,0,0,0
042462.jpg,0,0,0
042542.jpg,0,0,0
043130.jpg,0,0,0
043211.jpg,0,0,0
043311.jpg,0,0,0
043572.jpg,0,0,0
043702.jpg,0,0,0
043789.jpg,0,0,0
043843.jpg,0,0,0
043870.jpg,0,0,0
043941.jpg,0,0,0
044327.jpg,0,0,0
044685.jpg,0,0,0
044783.jpg,0,0,0
045159.jpg,0,0,0
045345.jpg,0,0,0
045410.jpg,0,0,0
045691.jpg,0,0,0
045761.jpg,0,0,0
045877.jpg,0,0,0
046115.jpg,0,0,0
046282.jpg,0,0,0
046297.jpg,0,0,0
046509.jpg,0,0,0
046619.jpg,0,0,0
046686.jpg,0,0,0
046873.jpg,0,0,0
047156.jpg,0,0,0
047185.jpg,0,0,0
047343.jpg,0,0,0
047531.jpg,0,0,0
047801.jpg,0,0,0
048004.jpg,0,0,0
048101.jpg,0,0,0
048461.jpg,0,0,0
048577.jpg,0,0,0
048777.jpg,0,0,0
049177.jpg,0,0,0
049264.jpg,0,0,0
049442.jpg,0,0,0
049562.jpg,0,0,0
049578.jpg,0,0,0
049933.jpg,0,0,0
050117.jpg,0,0,0
050120.jpg,0,0,0
050852.jpg,0,0,0
050931.jpg,0,0,0
051023.jpg,0,0,0
051079.jpg,0,0,0
051377.jpg,0,0,0
051995.jpg,0,0,0
052014.jpg,0,0,0
052274.jpg,0,0,0
053340.jpg,0,0,0
053583.jpg,0,0,0
053913.jpg,0,0,0
054176.jpg,0,0,0
054652.jpg,0,0,0
054972.jpg,0,0,0
055287.jpg,0,0,0
055379.jpg,0,0,0
055410.jpg,0,0,0
055585.jpg,0,0,0
056018.jpg,0,0,0
056317.jpg,0,0,0
056585.jpg,0,0,0
056719.jpg,0,0,0
056844.jpg,0,0,0
057104.jpg,0,0,0
057275.jpg,0,0,0
057276.jpg,0,0,0
057418.jpg,0,0,0
058107.jpg,0,0,0
058984.jpg,0,0,0
059069.jpg,0,0,0
059191.jpg,0,0,0
059259.jpg,0,0,0
059385.jpg,0,0,0
059657.jpg,0,0,0
059797.jpg,0,0,0
059856.jpg,0,0,0
060359.jpg,0,0,0
060735.jpg,0,0,0
060759.jpg,0,0,0
061136.jpg,0,0,0
061216.jpg,0,0,0
061249.jpg,0,0,0
061497.jpg,0,0,0
061512.jpg,0,0,0
061565.jpg,0,0,0
061657.jpg,0,0,0
062005.jpg,0,0,0
062057.jpg,0,0,0
062108.jpg,0,0,0
062211.jpg,0,0,0
062350.jpg,0,0,0
062506.jpg,0,0,0
062616.jpg,0,0,0
062626.jpg,0,0,0
062740.jpg,0,0,0
063142.jpg,0,0,0
063325.jpg,0,0,0
063381.jpg,0,0,0
063506.jpg,0,0,0
063535.jpg,0,0,0
063843.jpg,0,0,0
064017.jpg,0,0,0
064150.jpg,0,0,0
064183.jpg,0,0,0
064561.jpg,0,0,0
064588.jpg,0,0,0
064823.jpg,0,0,0
064935.jpg,0,0,0
065468.jpg,0,0,0
065507.jpg,0,0,0
065601.jpg,0,0,0
065612.jpg,0,0,0
065915.jpg,0,0,0
065946.jpg,0,0,0
066077.jpg,0,0,0
066185.jpg,0,0,0
066710.jpg,0,0,0
066764.jpg,0,0,0
066780.jpg,0,0,0
067164.jpg,0,0,0
067929.jpg,0,0,0
068042.jpg,0,0,0
068266.jpg,0,0,0
068341.jpg,0,0,0
068557.jpg,0,0,0
068612.jpg,0,0,0
070018.jpg,0,0,0
070049.jpg,0,0,0
070267.jpg,0,0,0
070690.jpg,0,0,0
070833.jpg,0,0,0
071138.jpg,0,0,0
071445.jpg,0,0,0
071596.jpg,0,0,0
071605.jpg,0,0,0
071618.jpg,0,0,0
071619.jpg,0,0,0
071704.jpg,0,0,0
071790.jpg,0,0,0
071985.jpg,0,0,0
072138.jpg,0,0,0
072830.jpg,0,0,0
073196.jpg,0,0,0
073483.jpg,0,0,0
073497.jpg,0,0,0
073524.jpg,0,0,0
073812.jpg,0,0,0
073884.jpg,0,0,0
073997.jpg,0,0,0
074054.jpg,0,0,0
074500.jpg,0,0,0
074728.jpg,0,0,0
074737.jpg,0,0,0
074845.jpg,0,0,0
075188.jpg,0,0,0
075198.jpg,0,0,0
075451.jpg,0,0,0
075552.jpg,0,0,0
075669.jpg,0,0,0
075691.jpg,0,0,0
076381.jpg,0,0,0
076488.jpg,0,0,0
076840.jpg,0,0,0
077254.jpg,0,0,0
077378.jpg,0,0,0
077381.jpg,0,0,0
077841.jpg,0,0,0
077985.jpg,0,0,0
078038.jpg,0,0,0
078234.jpg,0,0,0
078377.jpg,0,0,0
078672.jpg,0,0,0
078752.jpg,0,0,0
079217.jpg,0,0,0
079570.jpg,0,0,0
079743.jpg,0,0,0
079757.jpg,0,0,0
079904.jpg,0,0,0
080195.jpg,0,0,0
080333.jpg,0,0,0
080345.jpg,0,0,0
080478.jpg,0,0,0
080545.jpg,0,0,0
080666.jpg,0,0,0
080852.jpg,0,0,0
080900.jpg,0,0,0
081094.jpg,0,0,0
081351.jpg,0,0,0
081659.jpg,0,0,0
081732.jpg,0,0,0
081945.jpg,0,0,0
081967.jpg,0,0,0
082479.jpg,0,0,0
082591.jpg,0,0,0
082655.jpg,0,0,0
082672.jpg,0,0,0
082690.jpg,0,0,0
082866.jpg,0,0,0
083203.jpg,0,0,0
083809.jpg,0,0,0
084004.jpg,0,0,0
084065.jpg,0,0,0
084163.jpg,0,0,0
084225.jpg,0,0,0
084312.jpg,0,0,0
084316.jpg,0,0,0
084362.jpg,0,0,0
084372.jpg,0,0,0
084460.jpg,0,0,0
084653.jpg,0,0,0
084757.jpg,0,0,0
085074.jpg,0,0,0
085188.jpg,0,0,0
085334.jpg,0,0,0
085475.jpg,0,0,0
085524.jpg,0,0,0
085953.jpg,0,0,0
086251.jpg,0,0,0
086319.jpg,0,0,0
086757.jpg,0,0,0
086952.jpg,0,0,0
087257.jpg,0,0,0
087321.jpg,0,0,0
087438.jpg,0,0,0
087554.jpg,0,0,0
088263.jpg,0,0,0
088426.jpg,0,0,0
088452.jpg,0,0,0
088500.jpg,0,0,0
088592.jpg,0,0,0
089059.jpg,0,0,0
089345.jpg,0,0,0
089546.jpg,0,0,0
089741.jpg,0,0,0
089763.jpg,0,0,0
090064.jpg,0,0,0
090109.jpg,0,0,0
090255.jpg,0,0,0
090268.jpg,0,0,0
090429.jpg,0,0,0
090522.jpg,0,0,0
090523.jpg,0,0,0
090833.jpg,0,0,0
090897.jpg,0,0,0
090913.jpg,0,0,0
091109.jpg,0,0,0
091597.jpg,0,0,0
091993.jpg,0,0,0
092294.jpg,0,0,0
092490.jpg,0,0,0
092606.jpg,0,0,0
092695.jpg,0,0,0
093094.jpg,0,0,0
093206.jpg,0,0,0
093449.jpg,0,0,0
093486.jpg,0,0,0
093508.jpg,0,0,0
093594.jpg,0,0,0
093722.jpg,0,0,0
094096.jpg,0,0,0
094206.jpg,0,0,0
094263.jpg,0,0,0
094300.jpg,0,0,0
094638.jpg,0,0,0
095338.jpg,0,0,0
095347.jpg,0,0,0
095360.jpg,0,0,0
096040.jpg,0,0,0
096215.jpg,0,0,0
096922.jpg,0,0,0
097329.jpg,0,0,0
097597.jpg,0,0,0
097705.jpg,0,0,0
097963.jpg,0,0,0
098561.jpg,0,0,0
098703.jpg,0,0,0
099099.jpg,0,0,0
100059.jpg,0,0,0
100556.jpg,0,0,0
100565.jpg,0,0,0
100760.jpg,0,0,0
100797.jpg,0,0,0
101003.jpg,0,0,0
101300.jpg,0,0,0
101342.jpg,0,0,0
101346.jpg,0,0,0
102037.jpg,0,0,0
102428.jpg,0,0,0
102667.jpg,0,0,0
102715.jpg,0,0,0
102724.jpg,0,0,0
102856.jpg,0,0,0
102874.jpg,0,0,0
102909.jpg,0,0,0
103115.jpg,0,0,0
103278.jpg,0,0,0
103452.jpg,0,0,0
103515.jpg,0,0,0
103766.jpg,0,0,0
103819.jpg,0,0,0
104631.jpg,0,0,0
104680.jpg,0,0,0
105187.jpg,0,0,0
105292.jpg,0,0,0
105335.jpg,0,0,0
105740.jpg,0,0,0
106094.jpg,0,0,0
106535.jpg,0,0,0
107060.jpg,0,0,0
107236.jpg,0,0,0
107239.jpg,0,0,0
107380.jpg,0,0,0
107552.jpg,0,0,0
107675.jpg,0,0,0
107755.jpg,0,0,0
107819.jpg,0,0,0
107971.jpg,0,0,0
108199.jpg,0,0,0
108207.jpg,0,0,0
108324.jpg,0,0,0
108604.jpg,0,0,0
108677.jpg,0,0,0
108769.jpg,0,0,0
109088.jpg,0,0,0
109251.jpg,0,0,0
109303.jpg,0,0,0
109469.jpg,0,0,0
109823.jpg,0,0,0
109911.jpg,0,0,0
110012.jpg,0,0,0
110158.jpg,0,0,0
110245.jpg,0,0,0
110366.jpg,0,0,0
110556.jpg,0,0,0
110567.jpg,0,0,0
110880.jpg,0,0,0
110897.jpg,0,0,0
111091.jpg,0,0,0
111232.jpg,0,0,0
111954.jpg,0,0,0
111976.jpg,0,0,0
112088.jpg,0,0,0
112306.jpg,0,0,0
112795.jpg,0,0,0
113033.jpg,0,0,0
113075.jpg,0,0,0
113098.jpg,0,0,0
113279.jpg,0,0,0
113518.jpg,0,0,0
113636.jpg,0,0,0
113715.jpg,0,0,0
113733.jpg,0,0,0
113781.jpg,0,0,0
114153.jpg,0,0,0
114311.jpg,0,0,0
114386.jpg,0,0,0
114406.jpg,0,0,0
114513.jpg,0,0,0
114650.jpg,0,0,0
115177.jpg,0,0,0
115294.jpg,0,0,0
115868.jpg,0,0,0
115948.jpg,0,0,0
116154.jpg,0,0,0
116417.jpg,0,0,0
116429.jpg,0,0,0
116700.jpg,0,0,0
116778.jpg,0,0,0
117058.jpg,0,0,0
117161.jpg,0,0,0
117246.jpg,0,0,0
117532.jpg,0,0,0
117631.jpg,0,0,0
117776.jpg,0,0,0
118331.jpg,0,0,0
118669.jpg,0,0,0
118844.jpg,0,0,0
119251.jpg,0,0,0
119314.jpg,0,0,0
119336.jpg,0,0,0
119504.jpg,0,0,0
119588.jpg,0,0,0
120066.jpg,0,0,0
120276.jpg,0,0,0
120442.jpg,0,0,0
121123.jpg,0,0,0
121658.jpg,0,0,0
121704.jpg,0,0,0
122092.jpg,0,0,0
122254.jpg,0,0,0
122508.jpg,0,0,0
122534.jpg,0,0,0
122569.jpg,0,0,0
122579.jpg,0,0,0
122933.jpg,0,0,0
123059.jpg,0,0,0
123088.jpg,0,0,0
123460.jpg,0,0,0
123730.jpg,0,0,0
123763.jpg,0,0,0
123910.jpg,0,0,0
124281.jpg,0,0,0
124435.jpg,0,0,0
124556.jpg,0,0,0
124666.jpg,0,0,0
124707.jpg,0,0,0
124889.jpg,0,0,0
124914.jpg,0,0,0
125415.jpg,0,0,0
125652.jpg,0,0,0
125778.jpg,0,0,0
125828.jpg,0,0,0
126057.jpg,0,0,0
126112.jpg,0,0,0
126198.jpg,0,0,0
126782.jpg,0,0,0
127198.jpg,0,0,0
127356.jpg,0,0,0
127558.jpg,0,0,0
128014.jpg,0,0,0
128497.jpg,0,0,0
128832.jpg,0,0,0
128836.jpg,0,0,0
128984.jpg,0,0,0
129090.jpg,0,0,0
129361.jpg,0,0,0
129701.jpg,0,0,0
129984.jpg,0,0,0
130088.jpg,0,0,0
130722.jpg,0,0,0
130776.jpg,0,0,0
131104.jpg,0,0,0
131108.jpg,0,0,0
131135.jpg,0,0,0
131685.jpg,0,0,0
131711.jpg,0,0,0
131921.jpg,0,0,0
132978.jpg,0,0,0
133231.jpg,0,0,0
133253.jpg,0,0,0
133281.jpg,0,0,0
133519.jpg,0,0,0
133522.jpg,0,0,0
133568.jpg,0,0,0
133763.jpg,0,0,0
134005.jpg,0,0,0
134171.jpg,0,0,0
134281.jpg,0,0,0
134336.jpg,0,0,0
134371.jpg,0,0,0
134394.jpg,0,0,0
134424.jpg,0,0,0
134720.jpg,0,0,0
134967.jpg,0,0,0
134988.jpg,0,0,0
135224.jpg,0,0,0
135237.jpg,0,0,0
135786.jpg,0,0,0
135838.jpg,0,0,0
135916.jpg,0,0,0
135969.jpg,0,0,0
136154.jpg,0,0,0
136264.jpg,0,0,0
136434.jpg,0,0,0
136589.jpg,0,0,0
136649.jpg,0,0,0
137088.jpg,0,0,0
137256.jpg,0,0,0
137746.jpg,0,0,0
137817.jpg,0,0,0
137842.jpg,0,0,0
137928.jpg,0,0,0
138081.jpg,0,0,0
138109.jpg,0,0,0
138287.jpg,0,0,0
138534.jpg,0,0,0
138666.jpg,0,0,0
139093.jpg,0,0,0
139178.jpg,0,0,0
139578.jpg,0,0,0
139737.jpg,0,0,0
139812.jpg,0,0,0
139853.jpg,0,0,0
140813.jpg,0,0,0
141189.jpg,0,0,0
141244.jpg,0,0,0
141442.jpg,0,0,0
141526.jpg,0,0,0
141751.jpg,0,0,0
141806.jpg,0,0,0
141849.jpg,0,0,0
142009.jpg,0,0,0
143319.jpg,0,0,0
143415.jpg,0,0,0
143785.jpg,0,0,0
144648.jpg,0,0,0
144856.jpg,0,0,0
144867.jpg,0,0,0
144999.jpg,0,0,0
145488.jpg,0,0,0
145651.jpg,0,0,0
145698.jpg,0,0,0
146216.jpg,0,0,0
146720.jpg,0,0,0
146988.jpg,0,0,0
147172.jpg,0,0,0
147365.jpg,0,0,0
147681.jpg,0,0,0
147844.jpg,0,0,0
147867.jpg,0,0,0
148035.jpg,0,0,0
148205.jpg,0,0,0
148263.jpg,0,0,0
148357.jpg,0,0,0
148477.jpg,0,0,0
148662.jpg,0,0,0
148752.jpg,0,0,0
148952.jpg,0,0,0
149923.jpg,0,0,0
150052.jpg,0,0,0
150090.jpg,0,0,0
150173.jpg,0,0,0
150244.jpg,0,0,0
150622.jpg,0,0,0
150838.jpg,0,0,0
150905.jpg,0,0,0
151381.jpg,0,0,0
151758.jpg,0,0,0
151779.jpg,0,0,0
151879.jpg,0,0,0
152181.jpg,0,0,0
152303.jpg,0,0,0
152349.jpg,0,0,0
152435.jpg,0,0,0
152468.jpg,0,0,0
152592.jpg,0,0,0
152614.jpg,0,0,0
152691.jpg,0,0,0
152911.jpg,0,0,0
153237.jpg,0,0,0
153561.jpg,0,0,0
153571.jpg,0,0,0
154038.jpg,0,0,0
154040.jpg,0,0,0
154208.jpg,0,0,0
154231.jpg,0,0,0
154602.jpg,0,0,0
154879.jpg,0,0,0
155193.jpg,0,0,0
155258.jpg,0,0,0
155349.jpg,0,0,0
155354.jpg,0,0,0
155542.jpg,0,0,0
155555.jpg,0,0,0
155776.jpg,0,0,0
156217.jpg,0,0,0
156307.jpg,0,0,0
156460.jpg,0,0,0
156753.jpg,0,0,0
156793.jpg,0,0,0
156850.jpg,0,0,0
156923.jpg,0,0,0
156982.jpg,0,0,0
157376.jpg,0,0,0
157545.jpg,0,0,0
158927.jpg,0,0,0
159046.jpg,0,0,0
159195.jpg,0,0,0
159311.jpg,0,0,0
159433.jpg,0,0,0
159481.jpg,0,0,0
159558.jpg,0,0,0
159561.jpg,0,0,0
159622.jpg,0,0,0
159905.jpg,0,0,0
159926.jpg,0,0,0
160295.jpg,0,0,0
160418.jpg,0,0,0
160485.jpg,0,0,0
160975.jpg,0,0,0
161092.jpg,0,0,0
161410.jpg,0,0,0
161717.jpg,0,0,0
161875.jpg,0,0,0
161984.jpg,0,0,0
162019.jpg,0,0,0
162171.jpg,0,0,0
162913.jpg,0,0,0
163113.jpg,0,0,0
163371.jpg,0,0,0
163607.jpg,0,0,0
163726.jpg,0,0,0
163805.jpg,0,0,0
164213.jpg,0,0,0
164377.jpg,0,0,0
164385.jpg,0,0,0
164664.jpg,0,0,0
164820.jpg,0,0,0
164863.jpg,0,0,0
164904.jpg,0,0,0
165243.jpg,0,0,0
165542.jpg,0,0,0
165619.jpg,0,0,0
165701.jpg,0,0,0
166339.jpg,0,0,0
166491.jpg,0,0,0
166831.jpg,0,0,0
167036.jpg,0,0,0
167189.jpg,0,0,0
167249.jpg,0,0,0
167310.jpg,0,0,0
167565.jpg,0,0,0
167719.jpg,0,0,0
167736.jpg,0,0,0
167942.jpg,0,0,0
168133.jpg,0,0,0
168381.jpg,0,0,0
168698.jpg,0,0,0
168715.jpg,0,0,0
168906.jpg,0,0,0
169027.jpg,0,0,0
169039.jpg,0,0,0
169228.jpg,0,0,0
169271.jpg,0,0,0
169440.jpg,0,0,0
169505.jpg,0,0,0
169611.jpg,0,0,0
169817.jpg,0,0,0
170100.jpg,0,0,0
170166.jpg,0,0,0
170244.jpg,0,0,0
170523.jpg,0,0,0
170826.jpg,0,0,0
170837.jpg,0,0,0
170920.jpg,0,0,0
170965.jpg,0,0,0
171012.jpg,0,0,0
171067.jpg,0,0,0
171132.jpg,0,0,0
171207.jpg,0,0,0
171758.jpg,0,0,0
171786.jpg,0,0,0
172018.jpg,0,0,0
172046.jpg,0,0,0
172126.jpg,0,0,0
172220.jpg,0,0,0
172372.jpg,0,0,0
172514.jpg,0,0,0
172701.jpg,0,0,0
173030.jpg,0,0,0
173039.jpg,0,0,0
173687.jpg,0,0,0
174001.jpg,0,0,0
174290.jpg,0,0,0
174376.jpg,0,0,0
174590.jpg,0,0,0
174657.jpg,0,0,0
175108.jpg,0,0,0
175726.jpg,0,0,0
175753.jpg,0,0,0
176260.jpg,0,0,0
176317.jpg,0,0,0
176450.jpg,0,0,0
176555.jpg,0,0,0
176822.jpg,0,0,0
176864.jpg,0,0,0
177776.jpg,0,0,0
177857.jpg,0,0,0
178099.jpg,0,0,0
178387.jpg,0,0,0
178642.jpg,0,0,0
179207.jpg,0,0,0
179348.jpg,0,0,0
179406.jpg,0,0,0
179408.jpg,0,0,0
179695.jpg,0,0,0
179727.jpg,0,0,0
180001.jpg,0,0,0
180288.jpg,0,0,0
180779.jpg,0,0,0
181458.jpg,0,0,0
181544.jpg,0,0,0
181783.jpg,0,0,0
181909.jpg,0,0,0
182030.jpg,0,0,0
182460.jpg,0,0,0
183147.jpg,0,0,0
183780.jpg,0,0,0
183949.jpg,0,0,0
184124.jpg,0,0,0
184331.jpg,0,0,0
184417.jpg,0,0,0
184875.jpg,0,0,0
185570.jpg,0,0,0
185726.jpg,0,0,0
185826.jpg,0,0,0
186145.jpg,0,0,0
186281.jpg,0,0,0
186490.jpg,0,0,0
186590.jpg,0,0,0
187065.jpg,0,0,0
187079.jpg,0,0,0
187229.jpg,0,0,0
187414.jpg,0,0,0
188106.jpg,0,0,0
188205.jpg,0,0,0
188566.jpg,0,0,0
188656.jpg,0,0,0
188667.jpg,0,0,0
188733.jpg,0,0,0
189036.jpg,0,0,0
189047.jpg,0,0,0
189063.jpg,0,0,0
189292.jpg,0,0,0
189733.jpg,0,0,0
189840.jpg,0,0,0
190070.jpg,0,0,0
190221.jpg,0,0,0
190272.jpg,0,0,0
190455.jpg,0,0,0
190604.jpg,0,0,0
190774.jpg,0,0,0
190842.jpg,0,0,0
190973.jpg,0,0,0
191099.jpg,0,0,0
191107.jpg,0,0,0
191113.jpg,0,0,0
191225.jpg,0,0,0
191253.jpg,0,0,0
191461.jpg,0,0,0
191592.jpg,0,0,0
191698.jpg,0,0,0
191701.jpg,0,0,0
191853.jpg,0,0,0
191936.jpg,0,0,0
192044.jpg,0,0,0
192075.jpg,0,0,0
192093.jpg,0,0,0
192819.jpg,0,0,0
192911.jpg,0,0,0
193118.jpg,0,0,0
193253.jpg,0,0,0
194257.jpg,0,0,0
194373.jpg,0,0,0
194422.jpg,0,0,0
194505.jpg,0,0,0
194790.jpg,0,0,0
195419.jpg,0,0,0
195884.jpg,0,0,0
195940.jpg,0,0,0
196421.jpg,0,0,0
196457.jpg,0,0,0
196713.jpg,0,0,0
197042.jpg,0,0,0
197385.jpg,0,0,0
197582.jpg,0,0,0
197627.jpg,0,0,0
197729.jpg,0,0,0
198043.jpg,0,0,0
198291.jpg,0,0,0
198386.jpg,0,0,0
198453.jpg,0,0,0
198532.jpg,0,0,0
198715.jpg,0,0,0
198771.jpg,0,0,0
198922.jpg,0,0,0
199526.jpg,0,0,0
199534.jpg,0,0,0
199605.jpg,0,0,0
199698.jpg,0,0,0
199872.jpg,0,0,0
199974.jpg,0,0,0
200359.jpg,0,0,0
200492.jpg,0,0,0
200812.jpg,0,0,0
200865.jpg,0,0,0
201117.jpg,0,0,0
201268.jpg,0,0,0
201423.jpg,0,0,0
201808.jpg,0,0,0
201981.jpg,0,0,0
202434.jpg,0,0,0
